BRMC_95,/cards/14711-golemagg
EX1_620,/cards/94-molten-giant
GVG_121,/cards/12201-clockwork-giant
EX1_105,/cards/264-mountain-giant
CS1_113,/cards/401-mind-control
EX1_279,/cards/496-pyroblast
NEW1_030,/cards/474-deathwing
AT_120,/cards/22262-frost-giant
,/cards/22528-gearmaster-mechazod
EX1_586,/cards/614-sea-giant
NAX13_01,/cards/7759-thaddius
AT_072,/cards/22342-varian-wrynn
GVG_033,/cards/12270-tree-of-life
EX1_561,/cards/303-alexstrasza
AT_036,/cards/22324-anubarak
AT_045,/cards/22325-aviana
EX1_573,/cards/605-cenarius
AT_125,/cards/22338-icehowl
EX1_543,/cards/194-king-krush
EX1_323,/cards/482-lord-jaraxxus
BRMA06_1,/cards/14456-majordomo-executus
GVG_021,/cards/12294-malganis
EX1_563,/cards/241-malygos
GVG_116,/cards/12196-mekgineer-thermaplugg
TBA01_4,/cards/14448-nefarian
AT_103,/cards/22289-north-sea-kraken
EX1_560,/cards/285-nozdormu
EX1_562,/cards/432-onyxia
BRM_009,/cards/14458-volcanic-lumberer
EX1_572,/cards/495-ysera
BRMA14_8,/cards/14602-activate-magmatron
NAX15_04,/cards/7815-chains
NAX15_04H,/cards/7817-chains
EX1_354,/cards/506-lay-on-hands
BRMC_83,/cards/14698-open-the-gates
EX1_312,/cards/398-twisting-nether
NEW1_010,/cards/335-alakir-the-windlord
BRMA12_1,/cards/14451-chromaggus
GVG_113,/cards/12217-foe-reaper-4000
GVG_079,/cards/12248-force-tank-max
EX1_414,/cards/643-grommash-hellscream
NEW1_038,/cards/18-gruul
CS2_232,/cards/238-ironbark-protector
NAX15_01H,/cards/7742-kelthuzad
TBA01_1,/cards/503-ragnaros-the-firelord
AT_009,/cards/22343-rhonin
GVG_114,/cards/12187-sneeds-old-shredder
EX1_383,/cards/391-tirion-fordring
GVG_111t,/cards/12362-v-07-tr-0n
DS1_188,/cards/278-gladiators-longbow
EX1_411,/cards/96-gorehowl
GVG_052,/cards/12303-crush
CS2_032,/cards/44-flamestrike
NAX1_05,/cards/7825-locust-swarm
CS2_077,/cards/90-sprint
AT_063,/cards/22393-acidmaw
NEW1_008,/cards/34-ancient-of-lore
EX1_178,/cards/242-ancient-of-war
EX1_559,/cards/220-archmage-antonidas
BRMA05_1,/cards/539-baron-geddon
AT_102,/cards/22377-captured-jormungar
AT_123,/cards/22353-chillmaw
AT_018,/cards/22368-confessor-paletress
CS2_201,/cards/173-core-hound
GVG_110,/cards/12182-dr-boom
AT_081,/cards/22313-eadric-the-pure
AT_020,/cards/22391-fearsome-doomguard
GVG_007,/cards/12290-flame-leviathan
GVG_049,/cards/12232-gahzrilla
CS2_088,/cards/283-guardian-of-kings
AT_041,/cards/22360-knight-of-the-wild
GVG_035,/cards/12293-malorne
GVG_042,/cards/12292-neptulon
EX1_350,/cards/228-prophet-velen
CS2_161,/cards/518-ravenholdt-assassin
BRMA09_1H,/cards/14438-rend-blackhand
AT_070,/cards/22260-skycapn-kragg
CS2_222,/cards/310-stormwind-champion
GVG_118,/cards/12272-troggzor-the-earthinator
CS2_186,/cards/323-war-golem
BRMA14_6,/cards/14598-activate-electron
BRMA14_8,/cards/14603-activate-magmatron
TU4e_007,/cards/599-dual-warglaives
EX1_384,/cards/142-avenging-wrath
AT_062,/cards/22272-ball-of-spiders
CS2_028,/cards/276-blizzard
AT_025,/cards/22388-dark-bargain
GVG_041,/cards/12298-dark-wispers
AT_078,/cards/22380-enter-the-coliseum
EX1_571,/cards/237-force-of-nature
EX1_624,/cards/457-holy-fire
GVG_008,/cards/12301-lightbomb
NAX4_05,/cards/7843-plague
GVG_031,/cards/12279-recycle
EX1_309,/cards/573-siphon-soul
EX1_173,/cards/667-starfire
NEW1_004,/cards/658-vanish
GVG_077,/cards/12245-anima-golem
CS2_155,/cards/545-archmage
EX1_067,/cards/463-argent-commander
AT_124,/cards/22346-bolf-ramshield
CS2_200,/cards/60-boulderfist-ogre
EX1_091,/cards/147-cabal-shadow-priest
EX1_110,/cards/498-cairne-bloodhoof
AT_008,/cards/22261-coldarra-drake
BRMA01_3,/cards/14474-dark-iron-bouncer
BRM_024,/cards/14449-drakonid-crusher
BRMC_88,/cards/14704-drakonid-slayer
CS2_064,/cards/36-dread-infernal
BRMA03_1,/cards/14454-emperor-thaurissan
CS2_042,/cards/636-fire-elemental
EX1_283,/cards/598-frost-elemental
EX1_095,/cards/131-gadgetzan-auctioneer
GVG_117,/cards/12287-gazlowe
EX1_112,/cards/251-gelbin-mekkatorque
AT_118,/cards/22326-grand-crusader
NEW1_040,/cards/39-hogger
TU4e_001,/cards/203-illidan-stormrage
EX1_tk34,/cards/121-infernal
GVG_056,/cards/12295-iron-juggernaut
AT_132,/cards/22276-justicar-trueheart
NEW1_005,/cards/562-kidnapper
AT_099,/cards/22266-kodorider
CS2_162,/cards/414-lord-of-the-arena
NAX3_01H,/cards/7747-maexxna
AT_112,/cards/22317-master-jouster
GVG_034,/cards/12226-mech-bear-cat
GVG_112,/cards/12282-mogor-the-ogre
AT_088,/cards/22382-mogors-champion
TU4c_007,/cards/404-muklas-big-brother
AT_079,/cards/22394-mysterious-challenger
GVG_105,/cards/12175-piloted-sky-golem
EX1_583,/cards/138-priestess-of-elune
BRMC_98,/cards/14717-razorgore
CS2_213,/cards/560-reckless-rocketeer
EX1_534,/cards/8-savannah-highmane
AT_130,/cards/22339-sea-reaver
GVG_053,/cards/12215-shieldmaiden
AT_098,/cards/22372-sideshow-spelleater
EX1_032,/cards/221-sunwalker
EX1_016,/cards/33-sylvanas-windrunner
EX1_623,/cards/232-temple-enforcer
EX1_577,/cards/179-the-beast
EX1_002,/cards/396-the-black-knight
AT_054,/cards/22349-the-mistcaller
AT_128,/cards/22314-the-skeleton-knight
GVG_115,/cards/12225-toshley
GVG_028,/cards/12291-trade-prince-gallywix
NAX8_05,/cards/7874-unrelenting-rider
BRMC_97,/cards/14715-vaelastrasz
AT_023,/cards/22387-void-crusher
BRM_025,/cards/14450-volcanic-drake
AT_027,/cards/22288-wilfred-fizzlebang
EX1_033,/cards/675-windfury-harpy
NAX9_06,/cards/7886-unholy-shadow
CS2_112,/cards/182-arcanite-reaper
EX1_383t,/cards/53-ashbringer
CS2_080,/cards/433-assassins-blade
EX1_567,/cards/172-doomhammer
CS2_076,/cards/568-assassinate
EX1_320,/cards/670-bane-of-doom
EX1_355e,/cards/7-blessed-champion
CS2_046e,/cards/256-bloodlust
EX1_407,/cards/297-brawl
GVG_073,/cards/12304-cobra-shot
GVG_019,/cards/12237-demonheart
BRM_003,/cards/14446-dragons-breath
EX1_537,/cards/114-explosive-shot
AT_001,/cards/22302-flame-lance
CS1_112,/cards/671-holy-nova
EX1_365,/cards/355-holy-wrath
NAX9_07e,/cards/7887-mark-of-the-horsemen
EX1_164b,/cards/120-nourish
NAX14_04,/cards/7806-pure-cold
BRM_001,/cards/14453-solemn-vigil
NEW1_007,/cards/464-starfall
EX1_097,/cards/597-abomination
GVG_069,/cards/12227-antique-healbot
EX1_284,/cards/280-azure-drake
BRM_034,/cards/14447-blackwing-corruptor
GVG_119,/cards/12183-blingtron-3000
GVG_063,/cards/12244-bolvar-fordragon
GVG_099,/cards/12193-bomb-lobber
CS2_187,/cards/27-booty-bay-bodyguard
NEW1_024,/cards/267-captain-greenskin
AT_096,/cards/22294-clockwork-knight
GVG_062,/cards/12222-cobalt-guardian
BRM_008,/cards/14434-dark-iron-skulker
DS1_055,/cards/84-darkscale-healer
EX1_tk29,/cards/354-devilsaur
EX1_310,/cards/507-doomguard
BRM_018,/cards/14452-dragon-consort
BRMC_84,/cards/14699-dragonkin-spellcaster
EX1_165t1,/cards/587-druid-of-the-claw
EX1_165t1,/cards/408-druid-of-the-claw
EX1_165t1,/cards/45-druid-of-the-claw
GVG_080,/cards/12243-druid-of-the-fang
GVG_080,/cards/12353-druid-of-the-fang
EX1_250,/cards/124-earth-elemental
PRO_001,/cards/682-elite-tauren-chieftain
EX1_564,/cards/450-faceless-manipulator
GVG_016,/cards/12264-fel-reaver
CS1_069,/cards/476-fen-creeper
FP1_015,/cards/7745-feugen
FP1_015,/cards/7800-feugen
GVG_100,/cards/12271-floating-watcher
CS2_226,/cards/604-frostwolf-warlord
NAX14_03,/cards/7805-frozen-champion
BRMA04_1H,/cards/14719-garr
BRM_019,/cards/14435-grim-patron
EX1_399,/cards/624-gurubashi-berserker
EX1_558,/cards/602-harrison-jones
TU4d_001,/cards/12268-hemet-nesingwary
GVG_106,/cards/12251-junkbot
GVG_046,/cards/12285-king-of-beasts
AT_119,/cards/22355-kvaldir-raider
EX1_116,/cards/674-leeroy-jenkins
NAX6_01H,/cards/7746-loatheb
GVG_090,/cards/12177-madder-bomber
BRMA14_9,/cards/14604-magmatron
BRMA14_9,/cards/14605-magmatron
BRMA14_12,/cards/14589-magmaw
GVG_111,/cards/12190-mimirons-head
AT_090,/cards/22318-muklas-champion
AT_127,/cards/22264-nexus-champion-saraad
EX1_593,/cards/184-nightblade
GVG_088,/cards/12235-ogre-ninja
AT_101,/cards/22375-pit-fighter
GVG_060,/cards/12280-quartermaster
AT_010,/cards/22344-ram-wrangler
AT_113,/cards/22367-recruiter
GVG_070,/cards/12263-salty-dog
AT_028,/cards/22305-shado-pan-rider
GVG_086,/cards/12275-siege-engine
CS2_151,/cards/648-silver-hand-knight
skele11,/cards/7840-skeleton
FP1_012,/cards/7749-sludge-belcher
FP1_008,/cards/7751-spectral-knight
NAX8_05t,/cards/7875-spectral-rider
CS2_221,/cards/627-spiteful-smith
FP1_014,/cards/7744-stalagg
FP1_014,/cards/7801-stalagg
NEW1_041,/cards/389-stampeding-kodo
CS2_237,/cards/101-starving-buzzard
CS2_150,/cards/325-stormpike-commando
EX1_028,/cards/338-stranglethorn-tiger
AT_049,/cards/22271-thunder-bluff-valiant
DS1_178,/cards/162-tundra-rhino
AT_104,/cards/22315-tuskarr-jouster
GVG_083,/cards/12185-upgraded-repair-bot
CS2_227,/cards/509-venture-co-mercenary
GVG_014,/cards/12296-voljin
AT_099t,/cards/22474-war-kodo
BRMA14_6,/cards/14599-activate-electron
BRMA14_4,/cards/14594-activate-toxitron
BRMA14_10H,/cards/14586-activate
BRMA09_5,/cards/14534-dismount
BRMA09_5,/cards/14535-dismount
NAX10_03,/cards/7775-hateful-strike
NAX10_03,/cards/7776-hateful-strike
AT_050,/cards/22331-charged-hammer
FP1_021,/cards/7734-deaths-bite
AT_034,/cards/22273-poisoned-blade
CS2_097,/cards/293-truesilver-champion
GVG_029,/cards/12218-ancestors-call
AT_043,/cards/22334-astral-communion
EX1_570,/cards/266-bite
CS2_092e,/cards/29-blessing-of-kings
EX1_275,/cards/26-cone-of-cold
CS2_093,/cards/260-consecration
NAX6_03,/cards/7854-deathbloom
GVG_005,/cards/12300-echo-of-medivh
CS2_029,/cards/522-fireball
AT_022,/cards/22332-fist-of-jaraxxus
CS2_094,/cards/350-hammer-of-wrath
CS2_062,/cards/122-hellfire
PRO_001a,/cards/714-i-am-murloc
GVG_045,/cards/12302-imp-losion
BRMA05_3,/cards/14498-living-bomb
EX1_626,/cards/249-mass-dispel
EX1_345,/cards/301-mindgames
EX1_408,/cards/345-mortal-strike
DS1_183,/cards/407-multi-shot
FP1_019,/cards/7726-poison-seeds
CS2_022e,/cards/595-polymorph
PRO_001c,/cards/717-power-of-the-horde
PRO_001b,/cards/716-rogues-do-it
GVG_047,/cards/12236-sabotage
EX1_334,/cards/442-shadow-madness
EX1_303,/cards/673-shadowflame
BRMA16_3,/cards/14617-sonic-breath
EX1_158e,/cards/311-soul-of-the-forest
CS2_012,/cards/620-swipe
BRM_030t,/cards/14658-tail-swipe
BRMA07_3,/cards/14514-time-for-smash
GVG_022,/cards/12276-tinkers-sharpsword-oil
EX1_057,/cards/572-ancient-brewmaster
EX1_584,/cards/176-ancient-mage
FP1_026,/cards/7728-anubar-ambusher
EX1_398,/cards/504-arathi-weaponsmith
GVG_091,/cards/12246-arcane-nullifier-x-21
AT_108,/cards/22312-armored-warhorse
BRMC_86,/cards/14701-atramedes
EX1_591,/cards/656-auchenai-soulpriest
BRM_016,/cards/14439-axe-flinger
EX1_110t,/cards/359-baine-bloodhoof
NAX9_01,/cards/7740-baron-rivendare
TU4f_005,/cards/397-brewmaster
GVG_068,/cards/12233-burly-rockjaw-trogg
CS2_182,/cards/31-chillwind-yeti
BRMA10_5,/cards/14546-chromatic-drake
BRMA10_5,/cards/14547-chromatic-drake
BRM_014,/cards/14444-core-rager
BRMA01_1,/cards/14708-coren-direbrew
AT_121,/cards/22308-crowd-favorite
EX1_595,/cards/140-cult-master
AT_006,/cards/22359-dalaran-aspirant
EX1_046,/cards/128-dark-iron-dwarf
EX1_093,/cards/542-defender-of-argus
AT_047,/cards/22269-draenei-totemcarver
BRM_020,/cards/14441-dragonkin-sorcerer
EX1_025,/cards/472-dragonling-mechanic
NEW1_022,/cards/261-dread-corsair
AT_019,/cards/22337-dreadsteed
GVG_066,/cards/12234-dunemaul-shaman
DREAM_03,/cards/534-emerald-drake
GVG_107,/cards/12176-enhance-o-mechano
EX1_274,/cards/125-ethereal-arcanist
AT_114,/cards/22390-evil-heckler
GVG_020,/cards/12221-fel-cannon
BRM_012,/cards/14455-fireguard-destroyer
AT_093,/cards/22381-frigid-snobold
CS2_147,/cards/246-gnomish-inventor
GVG_004,/cards/12195-goblin-blastmage
AT_122,/cards/22323-gormok-the-impaler
NAX15_03t,/cards/7813-guardian-of-icecrown
NAX15_03t,/cards/7814-guardian-of-icecrown
AT_011,/cards/22287-holy-champion
DS1_070,/cards/225-houndmaster
BRM_026,/cards/14436-hungry-dragon
GVG_094,/cards/12216-jeeves
EX1_166,/cards/459-keeper-of-the-grove
GVG_074,/cards/12252-kezan-mystic
NEW1_011,/cards/130-korkron-elite
EX1_335,/cards/192-lightspawn
GVG_071,/cards/12284-lost-tallstrider
BRMC_85,/cards/14700-lucifron
AT_067,/cards/22376-magnataur-alpha
AT_085,/cards/22259-maiden-of-the-lake
TU4a_005,/cards/137-massive-gnoll
NEW1_014,/cards/127-master-of-disguise
GVG_078,/cards/12253-mechanical-yeti
GVG_109,/cards/12262-mini-mage
EX1_396,/cards/346-mogushan-warden
AT_076,/cards/22362-murloc-knight
NAXM_001,/cards/7889-necroknight
CS2_119,/cards/15-oasis-snapjaw
CS2_197,/cards/659-ogre-magi
EX1_062,/cards/217-old-murk-eye
GVG_096,/cards/12191-piloted-shredder
EX1_313,/cards/402-pit-lord
AT_111,/cards/22374-refreshment-vendor
AT_039,/cards/22293-savage-combatant
GVG_055,/cards/12220-screwjank-clunker
CS2_179,/cards/326-senjin-shieldmasta
GVG_040,/cards/12277-siltfin-spiritwalker
EX1_023,/cards/634-silvermoon-guardian
AT_012,/cards/22357-spawn-of-shadows
EX1_048,/cards/42-spellbreaker
CS2_131,/cards/603-stormwind-knight
EX1_315,/cards/566-summoning-portal
AT_091,/cards/22290-tournament-medic
EX1_043,/cards/360-twilight-drake
AT_017,/cards/22351-twilight-guardian
NEW1_026,/cards/523-violet-teacher
FP1_022,/cards/7733-voidcaller
FP1_016,/cards/7758-wailing-soul
CS2_033,/cards/274-water-elemental
GVG_122,/cards/12261-wee-spellstopper
AT_040,/cards/22361-wildwalker
EX1_587,/cards/151-windspeaker
NAX3_02H,/cards/7834-web-wrap
EX1_323w,/cards/669-blood-fury
GVG_059,/cards/12228-coghammer
GVG_024,/cards/12265-cogmasters-wrench
EX1_536,/cards/363-eaglehorn-bow
NAX10_02,/cards/7773-hook
NAX10_02,/cards/7774-hook
AT_065e,/cards/22286-kings-defender
NAX7_04H,/cards/7863-massive-runeblade
NAX7_04H,/cards/7864-massive-runeblade
GVG_054,/cards/12211-ogre-warmaul
EX1_133,/cards/82-perditions-blade
GVG_036,/cards/12269-powermace
NAX9_05,/cards/7884-runeblade
NAX9_05,/cards/7885-runeblade
EX1_366,/cards/567-sword-of-justice
NEW1_031,/cards/578-animal-companion
CS2_023,/cards/489-arcane-intellect
AT_064,/cards/22309-bash
AT_035,/cards/22397-beneath-the-grounds
GVG_050,/cards/12203-bouncing-blade
BRMA12_6,/cards/14567-brood-affliction-black
BRMA12_5,/cards/14565-brood-affliction-blue
BRMA12_7,/cards/14569-brood-affliction-bronze
BRMA12_4,/cards/14563-brood-affliction-green
BRMA12_3,/cards/14561-brood-affliction-red
AT_033,/cards/22321-burgle
CS2_103,/cards/646-charge
BRMC_95h,/cards/14712-core-hound-puppies
EX1_287,/cards/531-counterspell
EX1_617,/cards/239-deadly-shot
BRM_005,/cards/14463-demonwrath
EX1_349,/cards/581-divine-favor
CS2_061,/cards/332-drain-life
FP1_018,/cards/7732-duplicate
AT_002,/cards/22267-effigy
AT_051,/cards/22345-elemental-destruction
NAX12_04,/cards/7792-enrage
EX1_129,/cards/378-fan-of-knives
CS2_053e,/cards/107-far-sight
EX1_248,/cards/214-feral-spirit
TU4e_005,/cards/622-flame-burst
BRMA_01,/cards/14635-flameheart
CS2_026,/cards/49-frost-nova
BRMA01_4,/cards/14475-get-em
EX1_137,/cards/135-headcrack
CS2_007,/cards/258-healing-touch
AT_048,/cards/22340-healing-wave
EX1_246,/cards/270-hex
TU4a_004,/cards/443-hogger-smash
EX1_289,/cards/672-ice-barrier
EX1_295o,/cards/28-ice-block
EX1_539,/cards/488-kill-command
EX1_241,/cards/679-lava-burst
TU4f_004,/cards/441-legacy-of-the-emperor
EX1_259,/cards/676-lightning-storm
BRMA05_3,/cards/14696-living-bomb
BRMA05_3,/cards/14500-living-bomb
EX1_155ae,/cards/149-mark-of-nature
EX1_294,/cards/569-mirror-entity
AT_044,/cards/22383-mulch
GVG_061,/cards/12223-muster-for-battle
NAX11_04,/cards/7782-mutating-injection
BRMA14_1,/cards/14709-omnotron-defense-system
AT_005,/cards/22396-polymorph-boar
AT_056,/cards/22384-powershot
BRMA04_4,/cards/14492-rock-out
BRMA04_4,/cards/14493-rock-out
CS2_011o,/cards/329-savage-roar
AT_074e2,/cards/22373-seal-of-champions
EX1_317,/cards/327-sense-demons
CS2_057,/cards/647-shadow-bolt
EX1_622,/cards/547-shadow-word-death
EX1_625,/cards/421-shadowform
EX1_606,/cards/493-shield-block
tt_010a,/cards/309-spellbender
EX1_339,/cards/62-thoughtsteal
EX1_538,/cards/317-unleash-the-hounds
EX1_594,/cards/160-vaporize
GVG_010,/cards/12174-velens-chosen
TU4c_008,/cards/586-will-of-mukla
EX1_007,/cards/428-acolyte-of-pain
EX1_006,/cards/425-alarm-o-bot
EX1_382,/cards/23-aldor-peacekeeper
EX1_089,/cards/97-arcane-golem
AT_087,/cards/22301-argent-horserider
EX1_005,/cards/73-big-game-hunter
BRM_033,/cards/14437-blackwing-technician
EX1_590,/cards/75-blood-knight
CS2_boar,/cards/22420-boar
EX1_050,/cards/88-coldlight-oracle
EX1_103,/cards/424-coldlight-seer
AT_110,/cards/22291-coliseum-manager
BRMC_95he,/cards/14713-core-hound-pup
EX1_582,/cards/388-dalaran-mage
FP1_029,/cards/7736-dancing-swords
FP1_023,/cards/7735-dark-cultist
FP1_009,/cards/7753-deathlord
EX1_102,/cards/212-demolisher
AT_083,/cards/22369-dragonhawk-rider
AT_063t,/cards/22389-dreadscale
BRM_010t2,/cards/14457-druid-of-the-flame
BRM_010t2,/cards/14645-druid-of-the-flame
BRM_010t2,/cards/14646-druid-of-the-flame
CS2_117,/cards/557-earthen-ring-farseer
EX1_613,/cards/3-edwin-vancleef
BRMA14_7,/cards/14600-electron
BRMA14_7,/cards/14601-electron
EX1_170,/cards/625-emperor-cobra
AT_131,/cards/22295-eydis-darkbane
EX1_301,/cards/236-felguard
AT_115,/cards/22378-fencing-coach
AT_129,/cards/22296-fjola-lightbane
BRM_002,/cards/14445-flamewaker
tt_004,/cards/610-flesheating-ghoul
GVG_084,/cards/12247-flying-machine
EX1_604,/cards/69-frothing-berserker
GVG_098,/cards/12286-gnomeregan-infantry
GVG_092,/cards/12199-gnomish-experimenter
GVG_095,/cards/12213-goblin-sapper
GVG_032,/cards/12273-grove-tender
BRMA09_5Ht,/cards/14536-gyth
BRMA09_5Ht,/cards/14537-gyth
EX1_556,/cards/386-harvest-golem
BRMA02_1H,/cards/14714-high-justice-grimstone
GVG_104,/cards/12250-hobgoblin
NEW1_034,/cards/369-huffer
AT_092,/cards/22392-ice-rager
GVG_089,/cards/12214-illuminator
BRM_006,/cards/14443-imp-gang-boss
EX1_597,/cards/178-imp-master
CS2_181,/cards/209-injured-blademaster
GVG_027,/cards/12229-iron-sensei
CS2_141,/cards/41-ironforge-rifleman
CS2_125,/cards/519-ironfur-grizzly
EX1_017,/cards/392-jungle-panther
TU4c_001,/cards/373-king-mukla
EX1_612,/cards/411-kirin-tor-mage
NAX9_02,/cards/7878-lady-blaumeux
NAX9_02,/cards/7879-lady-blaumeux
DREAM_01,/cards/116-laughing-sister
NEW1_033,/cards/32-leokk
AT_106,/cards/22341-lights-champion
GVG_097,/cards/12239-lil-exorcist
CS2_118,/cards/362-magma-rager
EX1_575,/cards/613-mana-tide-totem
AT_117,/cards/22306-master-of-ceremonies
GVG_048,/cards/12254-metaltooth-leaper
EX1_085,/cards/368-mind-control-tech
NEW1_032,/cards/593-misha
BRMA03_3,/cards/14703-moira-bronzebeard
EX1_507,/cards/222-murloc-warleader
NAX1h_03,/cards/7739-nerubian
NAX1h_03,/cards/22436-nerubian
GVG_065,/cards/12281-ogre-brute
AT_066,/cards/22395-orgrimmar-aspirant
EX1_044,/cards/157-questing-adventurer
EX1_412,/cards/95-raging-worgen
CS2_122,/cards/502-raid-leader
CS2_196,/cards/47-razorfen-hunter
AT_086,/cards/22366-saboteur
EX1_020,/cards/475-scarlet-crusader
GVG_101,/cards/12240-scarlet-purifier
FP1_005,/cards/7730-shade-of-naxxramas
AT_014,/cards/22356-shadowfiend
AT_032,/cards/22348-shady-dealer
EX1_019,/cards/434-shattered-sun-cleric
EX1_134,/cards/286-si-7-agent
AT_095,/cards/22297-silent-knight
AT_100,/cards/22275-silver-hand-regent
CS2_127,/cards/611-silverback-patriarch
NAX9_04,/cards/7882-sir-zeliek
NAX9_04,/cards/7883-sir-zeliek
NAXM_002,/cards/7890-skeletal-smith
BRMA13_5,/cards/14707-son-of-the-flame
GVG_123,/cards/12306-soot-spewer
NEW1_027,/cards/324-southsea-captain
NAX8_04t,/cards/7873-spectral-warrior
AT_007,/cards/22299-spellslinger
GVG_044,/cards/12184-spider-tank
AT_057,/cards/22365-stablemaster
FP1_027,/cards/7750-stoneskin-gargoyle
EX1_390,/cards/477-tauren-warrior
NAX9_03,/cards/7880-thane-korthazz
NAX9_03,/cards/7881-thane-korthazz
EX1_021,/cards/265-thrallmar-farseer
GVG_102,/cards/12202-tinkertown-technician
EX1_083,/cards/245-tinkmaster-overspark
AT_046,/cards/22270-tuskarr-totemic
EX1_258,/cards/51-unbound-elemental
NAX8_04,/cards/7872-unrelenting-warrior
EX1_304,/cards/119-void-terror
AT_075,/cards/22330-warhorse-trainer
EX1_084,/cards/193-warsong-commander
CS2_124,/cards/174-wolfrider
NAX2_05H,/cards/7830-worshipper
NAX2_05H,/cards/7831-worshipper
BRMA14_2,/cards/14591-activate-arcanotron
BRMA14_4,/cards/14595-activate-toxitron
BRMA14_10H,/cards/14587-activate
BRMA14_10H,/cards/22505-activate
CS2_102,/cards/14691-armor-up
CS2_102,/cards/253-armor-up
AT_132_HUNTER,/cards/22401-ballista-shot
AT_132_HUNTER,/cards/22483-ballista-shot
BRMA17_5,/cards/22506-bone-minions
BRMA17_5,/cards/14627-bone-minions
BRMA17_5,/cards/14628-bone-minions
,/cards/22515-boom-bot-jr
CS2_083b,/cards/201-dagger-mastery
NAX12_02,/cards/22508-decimate
NAX12_02,/cards/7786-decimate
BRM_027p,/cards/14655-die-insect
BRM_027pH,/cards/14656-die-insects
AT_132_DRUID,/cards/22481-dire-shapeshift
CS2_034,/cards/14689-fireblast
CS2_034,/cards/677-fireblast
CS2_034_H1_AT_132,/cards/22399-fireblast-rank-2
CS2_034_H1_AT_132,/cards/22484-fireblast-rank-2
TU4e_002,/cards/349-flames-of-azzinoth
NAX8_02H,/cards/7868-harvest
NAX8_02H,/cards/22510-harvest
AT_132_PRIEST,/cards/22486-heal
,/cards/22513-hello-hello-hello
EX1_tk33,/cards/83-inferno
BRMA02_2H,/cards/22499-jeering-crowd
CS1h_001,/cards/126-lesser-heal
CS2_056,/cards/20-life-tap
AT_050t,/cards/22451-lightning-jolt
BRMA07_2H,/cards/22502-me-smash
EX1_625t2,/cards/229-mind-shatter
EX1_625t,/cards/70-mind-spike
TBA01_6,/cards/14724-molten-rage
FP1_030e,/cards/7851-necrotic-aura
BRMA09_3H,/cards/14526-old-horde
BRMA09_3H,/cards/14527-old-horde
BRMC_83,/cards/14522-open-the-gates
BRMC_83,/cards/14523-open-the-gates
BRMC_83,/cards/22503-open-the-gates
,/cards/22497-pile-on
NAX11_02,/cards/22507-poison-cloud
NAX11_02,/cards/7779-poison-cloud
AT_132_ROGUE,/cards/22487-poisoned-daggers
BRMA03_2,/cards/14484-power-of-the-firelord
NAX2_03H,/cards/7828-rain-of-fire
CS2_101_H1,/cards/14690-reinforce
CS2_101_H1,/cards/248-reinforce
CS2_017,/cards/185-shapeshift
TU4d_003,/cards/580-shotgun-blast
NAX1h_04,/cards/7821-skitter
NAX1h_04,/cards/7824-skitter
AT_132_WARLOCK,/cards/22494-soul-tap
DS1h_292,/cards/481-steady-shot
DS1h_292,/cards/14692-steady-shot
CS2_102_H1_AT_132,/cards/22400-tank-up
CS2_102_H1_AT_132,/cards/22495-tank-up
BRMA06_2,/cards/22500-the-majordomo
BRMA06_2,/cards/14504-the-majordomo
BRMA06_2,/cards/14505-the-majordomo
AT_132_PALADIN,/cards/22485-the-silver-hand
CS2_049,/cards/316-totemic-call
AT_132_SHAMAN,/cards/22489-totemic-slam
NAX7_03H,/cards/7861-unbalancing-strike
NAX3_02H,/cards/22509-web-wrap
TBA01_5,/cards/22504-wild-magic
TBA01_5,/cards/14723-wild-magic
AT_077,/cards/22316-argent-lance
CS2_106,/cards/632-fiery-war-axe
GVG_043e,/cards/12267-glaivezooka
BRMA17_9,/cards/14634-onyxiclaw
EX1_247,/cards/152-stormforged-axe
BRMC_94,/cards/14710-sulfuras
TU4e_004,/cards/494-warglaive-of-azzinoth
AT_053,/cards/22319-ancestral-knowledge
CS2_038e,/cards/526-ancestral-spirit
CS2_025,/cards/56-arcane-explosion
EX1_392,/cards/664-battle-rage
AT_060,/cards/22364-bear-trap
EX1_126,/cards/198-betrayal
CS2_233,/cards/244-blade-flurry
AT_068,/cards/22320-bolster
GVG_017,/cards/12224-call-pet
BRMA12_8,/cards/14570-chromatic-mutation
CS2_114,/cards/81-cleave
NEW1_036e,/cards/166-commanding-shout
AT_016,/cards/22327-confuse
AT_015,/cards/22379-convert
GVG_038,/cards/12241-crackle
GVG_015,/cards/12299-darkbomb
EX1_596e,/cards/452-demonfire
AT_024,/cards/22300-demonfuse
CS2_236e,/cards/554-divine-spirit
EX1_619,/cards/383-equality
EX1_124,/cards/382-eviscerate
EX1_610,/cards/344-explosive-trap
GVG_026,/cards/12238-feign-death
GVG_001,/cards/12192-flamecannon
EX1_544,/cards/630-flare
EX1_611,/cards/99-freezing-trap
CS2_024,/cards/177-frostbolt
BRM_007,/cards/14462-gang-up
CS2_105,/cards/1-heroic-strike
CS2_089,/cards/108-holy-light
BRM_011,/cards/14440-lava-shock
BRMA17_4,/cards/14626-lava
AT_061e,/cards/22258-lock-and-load
CS2_009e,/cards/480-mark-of-the-wild
DS1_233,/cards/415-mind-blast
NAX5_03,/cards/7848-mindpocalypse
EX1_533,/cards/447-misdirection
NAX3_03,/cards/7836-necrotic-poison
GAME_006,/cards/687-noooooooooooo
EX1_160,/cards/165-power-of-the-wild
BRM_013,/cards/14459-quick-shot
CS2_104,/cards/454-rampage
FP1_025,/cards/7731-reincarnate
BRMA15_3,/cards/14611-release-the-aberrations
BRM_017,/cards/14461-resurrect
BRM_015,/cards/14464-revenge
EX1_581,/cards/385-sap
GVG_057,/cards/12305-seal-of-light
CS2_234,/cards/315-shadow-word-pain
EX1_278,/cards/164-shiv
EX1_391,/cards/215-slam
EX1_554,/cards/210-snake-trap
EX1_609,/cards/553-snipe
TU4c_004,/cards/105-stomp
NAX13_03,/cards/7798-supercharge
GVG_003,/cards/12178-unstable-portal
CS2_013,/cards/282-wild-growth
CS2_039,/cards/146-windfury
EX1_154a,/cards/633-wrath
DREAM_02,/cards/235-ysera-awakens
EX1_066,/cards/74-acidic-swamp-ooze
AT_071,/cards/22333-alexstraszas-champion
EX1_393,/cards/641-amani-berserker
EX1_045,/cards/153-ancient-watcher
GVG_085,/cards/12181-annoy-o-tron
GVG_030,/cards/12219-anodized-robo-cub
EX1_362,/cards/191-argent-protector
AT_109,/cards/22298-argent-watchman
EX1_402,/cards/644-armorsmith
CS2_172,/cards/576-bloodfen-raptor
EX1_012,/cards/525-bloodmage-thalnos
NEW1_018,/cards/637-bloodsail-raider
CS2_173,/cards/289-bluegill-warrior
AT_089,/cards/22352-boneguard-lieutenant
NEW1_016,/cards/559-captains-parrot
BRMA12_9,/cards/14571-chromatic-dragonkin
BRMA17_7,/cards/14631-chromatic-prototype
EX1_059,/cards/612-crazed-alchemist
EX1_603,/cards/328-cruel-taskmaster
AT_031,/cards/22336-cutpurse
AT_038,/cards/22303-darnassus-aspirant
EX1_131,/cards/417-defias-ringleader
EX1_162,/cards/305-dire-wolf-alpha
NEW1_021,/cards/467-doomsayer
AT_042,/cards/22307-druid-of-the-saber
FP1_003,/cards/7754-echoing-ooze
GVG_076,/cards/12180-explosive-sheep
NEW1_023,/cards/213-faerie-dragon
AT_003,/cards/22268-fallen-hero
EX1_finkle,/cards/541-finkle-einhorn
AT_094,/cards/22292-flame-juggler
EX1_565,/cards/390-flametongue-totem
BRMA06_4H,/cards/14508-flamewaker-acolyte
BRMA06_4H,/cards/14509-flamewaker-acolyte
CS2_121,/cards/663-frostwolf-grunt
AT_080,/cards/22274-garrison-commander
GVG_081,/cards/12249-gilblin-stalker
TU4a_003,/cards/565-gnoll
GVG_023,/cards/12212-goblin-auto-barber
FP1_002,/cards/7756-haunted-creeper
TU4c_005,/cards/387-hidden-gnome
EX1_534t,/cards/689-hyena
CS2_203,/cards/500-ironbeak-owl
AT_058,/cards/22370-kings-elekk
NEW1_019,/cards/422-knife-juggler
CS2_142,/cards/479-kobold-geomancer
AT_084,/cards/22335-lance-carrier
EX1_341,/cards/117-lightwell
BRMA13_6,/cards/14706-living-lava
EX1_096,/cards/395-loot-hoarder
TU4f_001,/cards/456-lorewalker-cho
EX1_082,/cards/80-mad-bomber
FP1_004,/cards/7748-mad-scientist
EX1_055,/cards/67-mana-addict
EX1_616,/cards/197-mana-wraith
NEW1_037,/cards/584-master-swordsmith
GVG_006,/cards/12188-mechwarper
GVG_103,/cards/12189-micro-machine
TU4b_001,/cards/339-millhouse-manastorm
GVG_018,/cards/12283-mistress-of-pain
BRMA03_3,/cards/14485-moira-bronzebeard
BRMA03_3,/cards/14486-moira-bronzebeard
EX1_506,/cards/357-murloc-tidehunter
EX1_557,/cards/19-nat-pagle
FP1_017,/cards/7755-nerubar-weblord
NAX1h_03,/cards/7820-nerubian
NAX1h_03,/cards/7823-nerubian
FP1_007,/cards/7738-nerubian-egg
EX1_015,/cards/435-novice-engineer
GVG_025,/cards/12255-one-eyed-cheat
EX1_160t,/cards/190-panther
EX1_522,/cards/14-patient-assassin
EX1_076,/cards/54-pint-sized-summoner
TB_015,/cards/22417-pirate
GVG_064,/cards/12274-puddlestomper
GVG_108,/cards/12198-recombobulator
CS2_120,/cards/535-river-crocolisk
BRMC_99e,/cards/14720-rock-elemental
AT_042t,/cards/22445-sabertooth-lion
AT_042t2,/cards/22446-sabertooth-panther
EX1_531,/cards/279-scavenging-hyena
TU4f_003,/cards/288-shado-pan-monk
GVG_072,/cards/12256-shadowboxer
GVG_058,/cards/12257-shielded-minibot
GVG_075,/cards/12258-ships-cannon
GVG_011,/cards/12197-shrinkmeister
GVG_002,/cards/12230-snowchugger
EX1_608,/cards/4-sorcerers-apprentice
AT_069,/cards/22354-sparring-partner
EX1_tk11,/cards/451-spirit-wolf
GVG_087,/cards/12242-steamwheedle-sniper
GVG_067,/cards/12266-stonesplinter-trogg
EX1_306,/cards/208-succubus
EX1_058,/cards/372-sunfury-protector
AT_021,/cards/22386-tiny-knight-of-evil
AT_052,/cards/22265-totem-golem
AT_030,/cards/22371-undercity-valiant
NAX7_02,/cards/7860-understudy
FP1_024,/cards/7757-unstable-ghoul
GVG_039,/cards/12259-vitality-totem
BRMC_89,/cards/14705-whirling-ash
GVG_037,/cards/12231-whirling-zap-o-matic
NEW1_020,/cards/25-wild-pyromancer
AT_026,/cards/22304-wrathguard
AT_116,/cards/22398-wyrmrest-agent
EX1_049,/cards/247-youthful-brewmaster
BRMA09_4H,/cards/14530-blackwing
BRMA09_4H,/cards/14531-blackwing
BRMA16_2,/cards/14615-echolocate
NAX5_02H,/cards/7846-eruption
NAX8_02H,/cards/7869-harvest
BRMA02_2H,/cards/14479-jeering-crowd
BRMA04_2,/cards/14489-magma-pulse
BRMA07_2H,/cards/14512-me-smash
BRMA12_10,/cards/14556-mutation
NAX2_03H,/cards/7829-rain-of-fire
BRMA10_3,/cards/14541-the-rookery
BRMA13_2H,/cards/14575-true-form
BRMA13_2H,/cards/14576-true-form
NAX7_03H,/cards/7862-unbalancing-strike
TBA01_5,/cards/14579-wild-magic
TBA01_5,/cards/14580-wild-magic
EX1_398t,/cards/403-battle-axe
BRMA16_5,/cards/14620-dragonteeth
EX1_409t,/cards/583-heavy-axe
NAX12_03,/cards/7789-jaws
NAX12_03,/cards/7791-jaws
CS2_091,/cards/250-lights-justice
AT_132_ROGUEt,/cards/22488-poisoned-dagger
BRMA10_6,/cards/14548-razorgores-claws
CS2_082,/cards/183-wicked-knife
AT_004,/cards/22358-arcane-blast
EX1_277,/cards/589-arcane-missiles
DS1_185,/cards/167-arcane-shot
PART_001e,/cards/12366-armor-plating
FP1_020,/cards/7729-avenge
EX1_014t,/cards/231-bananas
EX1_014t,/cards/156-bananas
TU4c_002,/cards/606-barrel-toss
EX1_549o,/cards/304-bestial-wrath
TB_006e,/cards/14725-big-banana
CS2_087e,/cards/394-blessing-of-might
EX1_363e2,/cards/100-blessing-of-wisdom
BRMA12_6,/cards/14566-brood-affliction-black
BRMA12_5,/cards/14564-brood-affliction-blue
BRMA12_7,/cards/14568-brood-affliction-bronze
BRMA12_4,/cards/14562-brood-affliction-green
BRMA12_3,/cards/14560-brood-affliction-red
CS2_005o,/cards/532-claw
CS2_073e,/cards/92-cold-blood
AT_073,/cards/22363-competitive-spirit
EX1_128,/cards/284-conceal
CS2_063,/cards/252-corruption
CS2_074e,/cards/87-deadly-poison
NAX12_02,/cards/22521-decimate
TB_007,/cards/14727-deviate-banana
BRMA08_3,/cards/14519-drakkisaths-command
EX1_245,/cards/77-earth-shock
PART_005,/cards/12372-emergency-coolant
CS2_108,/cards/227-execute
EX1_132,/cards/206-eye-for-an-eye
PART_004,/cards/12370-finicky-cloakfield
AT_055,/cards/22328-flash-heal
EX1_251,/cards/530-forked-lightning
CS2_037,/cards/233-frost-shock
EX1_371,/cards/499-hand-of-protection
CS1_130,/cards/409-holy-smite
EX1_360e,/cards/189-humility
CS2_031,/cards/188-ice-lance
CS1_129,/cards/207-inner-fire
GVG_012,/cards/12297-light-of-the-naaru
EX1_238,/cards/10-lightning-bolt
AT_037,/cards/22329-living-roots
NAX7_05,/cards/7865-mind-control-crystal
CS2_003,/cards/438-mind-vision
CS2_mirror,/cards/30-mirror-image
EX1_302,/cards/43-mortal-coil
EX1_161,/cards/154-naturalize
EX1_130,/cards/158-noble-sacrifice
EX1_316,/cards/170-power-overwhelming
AT_013e,/cards/22385-power-word-glory
CS2_004e,/cards/431-power-word-shield
EX1_136,/cards/657-redemption
EX1_379e,/cards/642-repentance
BRMA16_4,/cards/14619-reverberating-gong
PART_006,/cards/12373-reversing-switch
CS2_045e,/cards/491-rockbiter-weapon
TB_008,/cards/14729-rotten-banana
PART_003,/cards/12369-rusty-horn
EX1_578,/cards/148-savagery
EX1_410,/cards/50-shield-slam
CS2_075,/cards/205-sinister-strike
EX1_308,/cards/529-soulfire
NAX6_04,/cards/7857-sporeburst
,/cards/22530-tbfactionwarboombotspell
BRMA09_6,/cards/14538-the-true-warchief
PART_002,/cards/12368-time-rewinder
DS1_184,/cards/163-tracking
TU4f_006,/cards/299-transcendence
EX1_409,/cards/638-upgrade
PART_007e,/cards/12375-whirling-blades
EX1_400,/cards/161-whirlwind
BRMA15_4,/cards/14612-aberration
CS2_188,/cards/577-abusive-sergeant
EX1_009,/cards/57-angry-chicken
EX1_008,/cards/473-argent-squire
BRM_022t,/cards/14652-black-whelp
CS2_059,/cards/196-blood-imp
NEW1_025,/cards/453-bloodsail-corsair
CS2_boar,/cards/65-boar
BRMA17_6,/cards/14629-bone-construct
BRMA17_6,/cards/14630-bone-construct
GVG_110t,/cards/12361-boom-bot
AT_059,/cards/22310-brave-archer
AT_029,/cards/22347-buccaneer
Mekka4t,/cards/12355-chicken
GVG_082,/cards/12200-clockwork-gnome
GVG_013,/cards/12179-cogmaster
BRMA10_4,/cards/14544-corrupted-egg
BRMA10_4,/cards/14545-corrupted-egg
TU4d_002,/cards/377-crazed-hunter
TU4f_007,/cards/393-crazy-monkey
skele21,/cards/200-damaged-golem
BRMA02_2t,/cards/14481-dark-iron-spectator
FP1_006,/cards/7762-deathcharger
EX1_130a,/cards/318-defender
EX1_131t,/cards/9-defias-bandit
BRM_022,/cards/14442-dragon-egg
BRMA09_4Ht,/cards/14532-dragonkin
BRMA09_4Ht,/cards/14533-dragonkin
EX1_243,/cards/129-dust-devil
CS2_189,/cards/356-elven-archer
Mekka3,/cards/240-emboldener-3000
NAX11_03,/cards/7781-fallout-slime
EX1_319,/cards/85-flame-imp
TU4e_002t,/cards/685-flame-of-azzinoth
TU4e_002t,/cards/455-flame-of-azzinoth
AT_133,/cards/22311-gadgetzan-jouster
TU4a_003,/cards/381-gnoll
CS1_042,/cards/564-goldshire-footman
EX1_508,/cards/510-grimscale-oracle
BRMA01_4t,/cards/14476-guzzler
NEW1_009,/cards/275-healing-totem
Mekka1,/cards/423-homing-chicken
EX1_538t,/cards/290-hound
NEW1_017,/cards/660-hungry-crab
BRM_006t,/cards/321-imp
BRM_006t,/cards/12339-imp
BRM_006t,/cards/14642-imp
AT_105,/cards/22322-injured-kvaldir
EX1_029,/cards/513-leper-gnome
EX1_001,/cards/436-lightwarden
AT_082,/cards/22263-lowly-squire
NEW1_012,/cards/263-mana-wyrm
EX1_025t,/cards/680-mechanical-dragonling
CS2_168,/cards/55-murloc-raider
EX1_509,/cards/420-murloc-tidecaller
TU4e_003,/cards/16-naga-myrmidon
CS2_235,/cards/600-northshire-cleric
BRMA09_3Ht,/cards/14528-old-horde-orc
BRMA09_3Ht,/cards/14529-old-horde-orc
TU4f_002,/cards/399-pandaren-scout
Mekka4,/cards/405-poultryizer
Mekka2,/cards/439-repair-bot
TU4a_002,/cards/678-riverpaw-gnoll
AT_037t,/cards/22439-sapling
CS2_050,/cards/98-searing-totem
EX1_080,/cards/483-secretkeeper
GVG_009,/cards/12278-shadowbomber
EX1_405,/cards/24-shieldbearer
CS2_101t,/cards/268-silver-hand-recruit
skele11,/cards/313-skeleton
skele11,/cards/7839-skeleton
FP1_012t,/cards/7764-slime
CS2_146,/cards/103-southsea-deckhand
FP1_002t,/cards/7760-spectral-spider
NAX8_03t,/cards/7871-spectral-trainee
CS2_152,/cards/21-squire
EX1_tk28,/cards/469-squirrel
CS2_051,/cards/298-stoneclaw-totem
CS2_171,/cards/76-stonetusk-boar
DS1_175,/cards/86-timber-wolf
AT_097,/cards/22350-tournament-attendee
BRMA14_5,/cards/14596-toxitron
BRMA14_5,/cards/14597-toxitron
FP1_019t,/cards/7766-treant
FP1_019t,/cards/272-treant
FP1_019t,/cards/337-treant
FP1_019t,/cards/181-treant
BRM_004,/cards/14460-twilight-whelp
FP1_028,/cards/7737-undertaker
NAX8_03,/cards/7870-unrelenting-trainee
CS2_065,/cards/340-voidwalker
EX1_011,/cards/410-voodoo-doctor
GVG_051,/cards/12260-warbot
FP1_011,/cards/7741-webspinner
BRM_004t,/cards/14641-whelp
BRM_004t,/cards/14524-whelp
BRM_004t,/cards/14525-whelp
BRM_004t,/cards/719-whelp
BRM_004t,/cards/527-whelp
EX1_010,/cards/112-worgen-infiltrator
EX1_317t,/cards/230-worthless-imp
CS2_052,/cards/365-wrath-of-air-totem
CS2_169,/cards/629-young-dragonhawk
EX1_004,/cards/123-young-priestess
FP1_001,/cards/683-zombie-chow
BRMA14_2,/cards/14592-activate-arcanotron
BRMA12_2,/cards/14558-brood-affliction
BRMA12_2,/cards/14559-brood-affliction
NAX12_02,/cards/7788-decimate
BRMA16_2,/cards/14616-echolocate
NAX5_02H,/cards/7847-eruption
BRMA11_2H,/cards/14552-essence-of-the-red
BRMA11_2H,/cards/14553-essence-of-the-red
NAX15_02H,/cards/7811-frost-blast
NAX15_02H,/cards/7812-frost-blast
NAX14_02,/cards/7804-frost-breath
BRMA05_2,/cards/14496-ignite-mana
BRMA05_2,/cards/14497-ignite-mana
BRMA08_2H,/cards/14517-intense-gaze
BRMA08_2H,/cards/14518-intense-gaze
BRMA02_2H,/cards/14480-jeering-crowd
BRMA07_2H,/cards/14513-me-smash
FP1_030e,/cards/7853-necrotic-aura
BRMA17_8,/cards/14632-nefarian-strikes
BRMA17_8,/cards/14633-nefarian-strikes
BRMA01_2,/cards/14472-pile-on
BRMA01_2,/cards/14473-pile-on
NAX11_02,/cards/7780-poison-cloud
NAX13_02,/cards/7796-polarity-shift
NAX4_04H,/cards/7841-raise-dead
NAX4_04H,/cards/7842-raise-dead
BRMA15_2H,/cards/14608-the-alchemist
BRMA15_2H,/cards/14609-the-alchemist
BRMA10_3,/cards/14543-the-rookery
NAX3_02H,/cards/7835-web-wrap
AT_035t,/cards/22435-ambush
CS2_041,/cards/216-ancestral-healing
NEW1_008b,/cards/243-ancient-secrets
NEW1_008a,/cards/517-ancient-teachings
GVG_030ae,/cards/12328-attack-mode
CS2_072,/cards/471-backstab
EX1_165b,/cards/662-bear-form
,/cards/22523-bomb-salvo
BRMA11_3,/cards/14554-burning-adrenaline
GVG_056t,/cards/12345-burrowing-mine
EX1_165a,/cards/287-cat-form
TB_012,/cards/22414-choose-a-new-card
EX1_621,/cards/38-circle-of-healing
GVG_041,/cards/12335-dark-wispers
GVG_041,/cards/12336-dark-wispers
EX1_573ae,/cards/358-demigods-favor
BRM_027p,/cards/14584-die-insect
EX1_166b,/cards/524-dispel
,/cards/22526-double-zap
DREAM_04,/cards/561-dream
CS2_013t,/cards/520-excess-mana
BRM_010b,/cards/14644-fire-hawk-form
BRM_010a,/cards/14643-firecat-form
GVG_028t,/cards/12327-gallywixs-coin
GVG_032b,/cards/12333-gift-of-cards
GVG_032a,/cards/12332-gift-of-mana
CS2_084e,/cards/22-hunters-mark
EX1_607e,/cards/366-inner-rage
EX1_169,/cards/548-innervate
BRMA02_2H,/cards/22498-jeering-crowd
,/cards/22527-kill-the-lorewalker
EX1_160b,/cards/204-leader-of-the-pack
AT_042a,/cards/22443-lion-form
AT_037,/cards/22437-living-roots
AT_037,/cards/22438-living-roots
EX1_155ae,/cards/430-mark-of-nature
EX1_155ae,/cards/133-mark-of-nature
BRMA07_2H,/cards/22501-me-smash
EX1_166a,/cards/111-moonfire
EX1_166a,/cards/619-moonfire
DREAM_05,/cards/334-nightmare
EX1_164b,/cards/58-nourish
EX1_164b,/cards/485-nourish
,/cards/22525-overclock
AT_042b,/cards/22444-panther-form
EX1_145o,/cards/364-preparation
,/cards/22522-prioritize
BRMA14_11,/cards/14588-recharge
,/cards/22524-release-coolant
EX1_178ae,/cards/375-rooted
NEW1_003,/cards/348-sacrificial-pact
EX1_144,/cards/550-shadowstep
EX1_573b,/cards/159-shandos-lesson
EX1_332,/cards/544-silence
NEW1_007,/cards/653-starfall
NEW1_007,/cards/195-starfall
EX1_160a,/cards/219-summon-a-panther
GVG_030be,/cards/12330-tank-mode
TB_011,/cards/22413-tarnished-coin
GAME_005,/cards/141-the-coin
EX1_244,/cards/367-totemic-might
EX1_178b,/cards/262-uproot
EX1_154a,/cards/234-wrath
EX1_154a,/cards/501-wrath
BRMA14_3,/cards/14593-arcanotron
GAME_002,/cards/666-avatar-of-the-coin
TU4c_003,/cards/376-barrel
Mekka4t,/cards/552-chicken
BRMA04_3,/cards/14490-firesworn
BRMA04_3,/cards/14491-firesworn
hexfrog,/cards/115-frog
NEW1_009,/cards/22490-healing-totem
BRMA13_6,/cards/14582-living-lava
CS2_mirror,/cards/650-mirror-image
NAX15_05,/cards/7818-mr-bigglesworth
PRO_001at,/cards/715-murloc
EX1_506a,/cards/486-murloc-scout
CS2_050,/cards/22491-searing-totem
EX1_345t,/cards/582-shadow-of-nothing
CS2_tk1,/cards/218-sheep
EX1_554t,/cards/512-snake
BRMA13_5,/cards/14581-son-of-the-flame
tt_010a,/cards/645-spellbender
NAX6_03t,/cards/7855-spore
CS2_051,/cards/22492-stoneclaw-totem
GVG_093,/cards/12288-target-dummy
NEW1_026t,/cards/63-violet-apprentice
BRMC_89,/cards/14583-whirling-ash
CS2_231,/cards/273-wisp
CS2_052,/cards/22493-wrath-of-air-totem
HERO_05a,/cards/14694-alleria-windrunner
HERO_09,/cards/110-anduin-wrynn
GVG_085,/cards/22512-annoy-o-tron
NAX1h_01,/cards/7822-anubrekhan
NAX1h_01,/cards/7819-anubrekhan
BRMC_86,/cards/14613-atramedes
BRMC_86,/cards/14614-atramedes
BRMA05_1,/cards/14494-baron-geddon
BRMA05_1,/cards/14495-baron-geddon
NAX9_01,/cards/7876-baron-rivendare
NAX9_01,/cards/7877-baron-rivendare
GVG_110t,/cards/22514-boom-bot
BRMA12_1,/cards/14555-chromaggus
BRMA12_1,/cards/14557-chromaggus
BRMA12_9,/cards/14572-chromatic-dragonkin
BRMA01_1,/cards/14470-coren-direbrew
BRMA01_1,/cards/14471-coren-direbrew
BRMA03_1,/cards/14482-emperor-thaurissan
BRMA03_1,/cards/14483-emperor-thaurissan
,/cards/22531-factionwar_boombot
BRMA04_1H,/cards/14487-garr
BRMA04_1H,/cards/14488-garr
HERO_01,/cards/635-garrosh-hellscream
BRMA08_1H,/cards/14515-general-drakkisath
BRMA08_1H,/cards/14516-general-drakkisath
NAX12_01,/cards/7784-gluth
NAX12_01,/cards/7785-gluth
NAX8_01,/cards/7866-gothik-the-harvester
NAX8_01,/cards/7867-gothik-the-harvester
NAX2_01H,/cards/7826-grand-widow-faerlina
NAX2_01H,/cards/7827-grand-widow-faerlina
NAX11_01,/cards/7777-grobbulus
NAX11_01,/cards/7778-grobbulus
HERO_07,/cards/618-guldan
NAX5_01H,/cards/7844-heigan-the-unclean
NAX5_01H,/cards/7845-heigan-the-unclean
TU4d_001,/cards/470-hemet-nesingwary
BRMA02_1H,/cards/14477-high-justice-grimstone
BRMA02_1H,/cards/14478-high-justice-grimstone
BRMA07_1H,/cards/14510-highlord-omokk
BRMA07_1H,/cards/14511-highlord-omokk
NEW1_040,/cards/490-hogger
TU4e_001,/cards/223-illidan-stormrage
NAX7_01H,/cards/7858-instructor-razuvious
NAX7_01H,/cards/7859-instructor-razuvious
HERO_08,/cards/139-jaina-proudmoore
HERO_08,/cards/320-jaina-proudmoore
NAX15_01H,/cards/7807-kelthuzad
NAX15_01H,/cards/7809-kelthuzad
TU4c_001,/cards/444-king-mukla
NAX6_01H,/cards/7849-loatheb
NAX6_01H,/cards/7850-loatheb
EX1_323,/cards/406-lord-jaraxxus
BRMA13_1H,/cards/14573-lord-victor-nefarius
BRMA13_1H,/cards/14574-lord-victor-nefarius
TU4f_001,/cards/655-lorewalker-cho
NAX3_01H,/cards/7832-maexxna
NAX3_01H,/cards/7833-maexxna
HERO_01a,/cards/14693-magni-bronzebeard
BRMA06_1,/cards/14502-majordomo-executus
BRMA06_1,/cards/14503-majordomo-executus
HERO_06,/cards/621-malfurion-stormrage
BRMA15_1H,/cards/14606-maloriak
BRMA15_1H,/cards/14607-maloriak
HERO_08a,/cards/14695-medivh
TU4b_001,/cards/330-millhouse-manastorm
TBA01_4,/cards/14722-nefarian
TBA01_4,/cards/14622-nefarian
TBA01_4,/cards/14623-nefarian
TBA01_4,/cards/14577-nefarian
TBA01_4,/cards/14578-nefarian
NAX4_01,/cards/7837-noth-the-plaguebringer
NAX4_01,/cards/7838-noth-the-plaguebringer
BRMA14_1,/cards/14590-omnotron-defense-system
BRMA14_1,/cards/14585-omnotron-defense-system
EX1_562,/cards/14624-onyxia
EX1_562,/cards/14625-onyxia
NAX10_01,/cards/7771-patchwerk
NAX10_01,/cards/7772-patchwerk
TBA01_1,/cards/14654-ragnaros-the-firelord
TBA01_1,/cards/14506-ragnaros-the-firelord
TBA01_1,/cards/14507-ragnaros-the-firelord
TBA01_1,/cards/14721-ragnaros-the-firelord
BRMA10_1,/cards/14539-razorgore-the-untamed
BRMA10_1,/cards/14540-razorgore-the-untamed
BRMA09_1H,/cards/14520-rend-blackhand
BRMA09_1H,/cards/14521-rend-blackhand
HERO_05,/cards/484-rexxar
NAX14_01H,/cards/7802-sapphiron
NAX14_01H,/cards/7803-sapphiron
NAX13_01,/cards/7794-thaddius
NAX13_01,/cards/7795-thaddius
HERO_02,/cards/319-thrall
HERO_04,/cards/257-uther-lightbringer
BRMA11_1H,/cards/14550-vaelastrasz-the-corrupt
BRMA11_1H,/cards/14551-vaelastrasz-the-corrupt
HERO_03,/cards/2-valeera-sanguinar