AT_059,22310
AT_073,22363
GVG_041c,12335
TB_FactionWar_Boss_BoomBot,22531
TB_PickYourFate_1,27275
TB_PickYourFate_10,27276
TB_PickYourFate_11,27278
TB_PickYourFate_2,27281
TB_PickYourFate_3,27283
TB_PickYourFate_4,27285
TB_PickYourFate_5,27287
TB_PickYourFate_6,27289
TB_PickYourFate_7,27290
TB_PickYourFate_8,27292
TB_PickYourFate_9,27294
LOE_019t2,27212
AT_084,22335
LOEA16_3,27259
LOE_019t,27213
LOEA16_5,27257
TB_CoOp_Mechazod2,27266
AT_028,22305
TB_DecreasingCardCostDebug,27268
TB_FactionWar_BoomBot_Spell,22530
LOEA16_4,27258